id,generated
0000aaaa,0.043795160515145856
1111bbbb,0.03947146310060778
2222cccc,0.03947146310060778
